{"weights": [0.8123510589802929, 1.3666739599150868], "bias": 1.1245262708903074}